"School";"Primary";"Secondary";"Class_Y1";"Class_Y2";"Child_Bosse";"parti_W1";"parti_W2";"parti_W3";"parti_W4"
22;NA;1;52;52;643;1;0;0;0
22;NA;1;52;52;645;1;0;0;0
22;NA;1;52;52;648;1;0;0;0
22;NA;1;52;55;649;1;1;0;1
22;NA;1;52;55;650;1;1;0;1
22;NA;1;53;53;666;1;1;1;0
22;NA;1;54;54;676;1;1;0;0
22;NA;1;54;54;677;1;0;0;0
22;NA;1;54;198;683;0;1;1;0
22;NA;1;54;54;685;1;0;0;0
22;NA;1;54;54;688;1;0;1;0
22;NA;1;54;55;690;1;0;1;1
22;NA;1;55;54;693;1;1;0;0
22;NA;1;55;55;694;1;1;0;1
22;NA;1;55;56;698;1;1;1;0
22;NA;1;56;56;721;1;1;0;0
22;NA;1;56;55;733;1;1;1;1
22;NA;1;56;56;736;1;1;0;0
22;NA;1;56;56;737;1;0;0;0
22;NA;1;56;55;738;1;1;1;1
22;NA;1;56;55;739;1;0;1;1
22;NA;1;57;55;744;0;1;0;1
22;NA;1;57;57;745;1;1;0;0
22;NA;1;57;57;747;1;1;0;0
22;NA;1;58;58;761;1;1;1;0
22;NA;1;58;58;766;1;1;0;0
22;NA;1;58;58;767;1;1;1;0
22;NA;1;58;58;768;1;1;0;0
22;NA;1;58;198;770;1;1;0;0
22;NA;1;58;198;771;1;1;1;0
22;NA;1;58;58;774;1;1;0;0
22;NA;1;58;58;777;1;1;1;0
23;NA;1;59;59;778;1;1;1;1
23;NA;1;59;60;782;1;0;0;0
23;NA;1;59;59;787;1;1;1;1
23;NA;1;59;59;788;1;1;0;1
23;NA;1;59;59;790;1;1;0;1
23;NA;1;59;59;791;1;1;1;1
23;NA;1;59;59;796;1;1;1;1
23;NA;1;59;59;797;1;1;1;1
23;NA;1;59;59;799;1;1;1;1
23;NA;1;59;59;801;1;1;1;1
23;NA;1;60;60;810;1;0;1;1
23;NA;1;60;60;811;1;1;1;1
23;NA;1;60;60;815;1;1;1;1
23;NA;1;60;60;820;1;1;1;1
23;NA;1;60;60;823;1;1;1;1
23;NA;1;60;60;824;1;1;1;1
23;NA;1;60;59;825;0;1;1;1
23;NA;1;60;60;826;1;1;1;0
23;NA;1;60;60;828;1;1;1;1
23;NA;1;61;61;830;1;1;1;0
23;NA;1;61;61;833;1;1;1;1
23;NA;1;61;204;835;1;1;1;0
23;NA;1;61;61;837;1;1;1;1
23;NA;1;61;61;841;1;1;1;1
23;NA;1;61;60;843;1;1;1;1
23;NA;1;61;61;847;1;1;1;1
23;NA;1;61;61;851;1;1;1;1
23;NA;1;62;62;852;1;1;1;1
23;NA;1;62;61;859;1;1;1;1
23;NA;1;62;61;861;1;1;1;1
23;NA;1;62;61;864;1;1;1;1
23;NA;1;62;62;865;1;1;1;1
23;NA;1;62;62;866;1;1;1;1
23;NA;1;63;63;871;1;1;1;1
23;NA;1;63;63;877;1;1;1;1
23;NA;1;63;63;880;1;1;1;1
23;NA;1;63;63;883;1;1;1;1
23;NA;1;63;63;884;1;1;1;1
23;NA;1;64;61;895;1;1;1;1
23;NA;1;64;64;897;0;0;0;1
23;NA;1;64;61;898;1;1;1;1
23;NA;1;64;61;899;1;1;1;1
23;NA;1;64;61;900;1;1;1;1
25;NA;1;65;65;903;1;0;0;0
25;NA;1;65;65;907;1;0;1;1
25;NA;1;65;65;908;1;1;1;1
25;NA;1;65;65;914;0;1;1;1
25;NA;1;65;65;915;1;1;1;1
25;NA;1;65;65;916;1;0;0;0
25;NA;1;65;65;918;1;0;0;0
25;NA;1;65;65;920;1;1;1;1
25;NA;1;65;65;921;1;0;0;1
25;NA;1;65;65;924;1;1;1;0
25;NA;1;65;65;926;1;1;1;1
25;NA;1;65;65;928;1;0;0;1
25;NA;1;65;65;929;0;1;1;1
25;NA;1;65;65;932;1;1;1;1
25;NA;1;66;66;933;1;1;1;1
25;NA;1;66;66;936;1;1;1;1
25;NA;1;66;66;937;1;1;1;1
25;NA;1;66;66;938;1;1;1;1
25;NA;1;66;NA;942;0;1;0;0
25;NA;1;66;66;943;1;1;1;1
25;NA;1;66;66;946;1;1;1;1
25;NA;1;66;66;947;1;1;1;1
25;NA;1;66;66;948;1;1;1;1
25;NA;1;66;66;950;1;1;1;1
25;NA;1;66;66;952;1;1;0;0
25;NA;1;66;66;955;0;1;1;1
25;NA;1;66;66;956;1;1;1;1
25;NA;1;66;NA;959;0;1;1;0
25;NA;1;67;69;963;0;1;1;1
25;NA;1;67;67;965;1;1;1;1
25;NA;1;67;67;966;1;1;1;1
25;NA;1;67;67;967;1;1;1;1
25;NA;1;67;67;968;1;1;1;1
25;NA;1;67;67;971;1;1;1;1
25;NA;1;67;67;972;1;1;1;1
25;NA;1;67;67;973;1;0;1;1
25;NA;1;67;67;974;1;1;1;1
25;NA;1;67;67;975;1;1;1;1
25;NA;1;67;67;977;1;1;1;1
25;NA;1;67;67;978;0;1;1;1
25;NA;1;67;67;979;1;1;1;0
25;NA;1;67;67;980;1;1;1;0
25;NA;1;67;67;982;1;0;1;1
25;NA;1;67;67;983;1;1;1;1
25;NA;1;67;67;985;1;1;1;1
25;NA;1;67;67;987;1;1;1;1
25;NA;1;68;68;991;1;1;1;1
25;NA;1;68;68;1000;1;1;1;1
25;NA;1;68;68;1001;1;1;1;1
25;NA;1;68;68;1002;1;1;1;1
25;NA;1;68;68;1004;1;0;1;1
25;NA;1;68;68;1005;1;1;1;0
25;NA;1;68;68;1007;1;1;1;1
25;NA;1;68;68;1009;1;1;1;1
25;NA;1;68;68;1010;1;1;1;1
25;NA;1;68;68;1011;1;1;1;1
25;NA;1;68;68;1014;1;1;1;1
25;NA;1;68;NA;1016;0;1;1;0
25;NA;1;68;68;1017;1;1;1;1
25;NA;1;68;68;1019;1;1;1;1
25;NA;1;69;69;1020;1;1;1;1
25;NA;1;69;69;1026;0;1;1;1
25;NA;1;69;69;1029;1;1;1;1
25;NA;1;69;69;1030;0;1;1;1
25;NA;1;69;69;1032;0;1;1;1
25;NA;1;69;69;1035;0;1;1;1
25;NA;1;69;69;1037;1;1;1;1
25;NA;1;69;69;1038;0;1;1;1
25;NA;1;69;69;1039;1;1;1;1
25;NA;1;69;69;1040;1;1;0;1
25;NA;1;69;69;1041;1;1;1;1
25;NA;1;69;69;1043;0;1;1;0
25;NA;1;69;69;1049;1;1;1;1
25;NA;1;70;70;1051;1;1;1;1
25;NA;1;70;NA;1056;1;0;1;0
25;NA;1;70;70;1059;0;1;1;1
25;NA;1;70;70;1060;1;1;1;1
25;NA;1;70;70;1061;0;1;1;1
25;NA;1;70;70;1063;0;1;1;1
25;NA;1;70;70;1068;0;1;1;1
25;NA;1;70;70;1069;0;1;1;1
25;NA;1;70;70;1070;0;1;1;1
25;NA;1;70;70;1071;1;1;1;1
25;NA;1;70;70;1072;1;1;1;1
25;NA;1;70;70;1074;1;1;1;1
25;NA;1;70;70;1075;0;1;0;1
25;NA;1;70;70;1076;0;1;1;1
25;NA;1;71;NA;1083;1;1;1;0
25;NA;1;71;71;1084;1;1;1;1
25;NA;1;71;71;1085;1;1;1;1
25;NA;1;71;71;1086;0;1;1;1
25;NA;1;71;71;1087;1;1;1;1
25;NA;1;71;71;1090;0;1;1;1
25;NA;1;71;71;1093;0;1;1;1
25;NA;1;71;71;1094;1;1;1;1
25;NA;1;71;71;1095;1;1;1;0
25;NA;1;71;71;1097;1;1;1;1
25;NA;1;71;71;1098;1;1;1;1
25;NA;1;71;71;1099;1;1;1;1
25;NA;1;71;71;1100;1;1;1;1
25;NA;1;71;NA;1101;0;1;1;0
25;NA;1;71;71;1102;1;1;1;1
25;NA;1;71;71;1104;0;1;1;1
25;NA;1;71;71;1105;0;0;1;1
25;NA;1;71;71;1107;1;0;1;1
25;NA;1;71;71;1108;0;1;1;1
25;NA;1;71;71;1109;1;1;1;1
25;NA;1;72;72;1111;0;1;1;1
25;NA;1;72;72;1112;1;1;0;1
25;NA;1;72;72;1114;1;1;0;0
25;NA;1;72;72;1115;1;1;1;1
25;NA;1;72;72;1116;1;1;1;1
25;NA;1;72;72;1117;0;1;1;0
25;NA;1;72;72;1118;0;1;1;1
25;NA;1;72;72;1119;1;0;0;0
25;NA;1;72;72;1120;1;0;0;1
25;NA;1;72;72;1121;1;1;0;0
25;NA;1;72;72;1123;0;0;1;1
25;NA;1;72;72;1125;1;1;1;1
25;NA;1;72;72;1126;1;0;0;0
25;NA;1;72;72;1128;0;1;1;1
25;NA;1;72;72;1130;1;1;1;1
25;NA;1;72;72;1132;1;1;1;1
25;NA;1;72;72;1134;0;1;0;0
25;NA;1;72;72;1135;1;1;1;1
25;NA;1;72;72;1137;1;0;0;1
26;1;NA;73;73;1142;1;1;1;1
26;1;NA;73;73;1143;1;1;1;1
26;1;NA;73;73;1146;1;0;0;0
26;1;NA;73;73;1147;1;1;1;1
26;1;NA;73;73;1149;1;1;1;1
26;1;NA;73;73;1150;1;1;1;1
26;1;NA;73;73;1151;1;1;1;1
26;1;NA;74;74;1155;0;1;1;1
26;1;NA;74;74;1157;0;0;0;1
26;1;NA;74;197;1158;1;1;0;0
26;1;NA;74;197;1160;1;0;1;0
26;1;NA;74;74;1161;1;1;1;1
26;1;NA;74;74;1162;1;1;1;1
26;1;NA;74;74;1163;1;1;1;1
26;1;NA;74;74;1164;1;1;1;1
26;1;NA;74;74;1165;1;1;1;1
26;1;NA;74;74;1168;1;0;1;1
26;1;NA;74;74;1169;1;1;1;1
26;1;NA;74;74;1170;1;1;1;1
27;1;NA;75;75;1175;1;1;0;1
27;1;NA;75;75;1177;1;1;1;1
27;1;NA;75;75;1179;1;1;1;1
27;1;NA;75;75;1180;1;1;1;1
27;1;NA;75;75;1181;1;1;1;1
27;1;NA;75;75;1182;0;1;1;1
27;1;NA;75;75;1183;0;1;1;1
27;1;NA;75;75;1190;1;1;1;1
27;1;NA;75;75;1192;0;1;1;1
27;1;NA;75;75;1193;1;1;1;1
27;1;NA;75;75;1194;0;1;1;1
27;1;NA;75;75;1196;1;1;1;1
27;1;NA;75;75;1198;0;1;1;1
27;1;NA;75;75;1199;0;1;1;1
27;1;NA;75;75;1201;0;1;1;1
27;1;NA;76;76;1233;0;1;1;1
27;1;NA;76;76;1235;1;1;1;1
27;1;NA;76;76;1236;0;1;1;1
27;1;NA;76;76;1237;1;1;1;1
27;1;NA;76;76;1239;0;1;1;1
27;1;NA;76;76;1240;1;1;1;1
27;1;NA;76;76;1244;1;1;1;1
27;1;NA;76;76;1248;1;1;1;1
27;1;NA;76;76;1249;1;1;1;1
27;1;NA;76;76;1250;1;1;1;1
27;1;NA;76;76;1251;1;1;1;1
27;1;NA;76;76;1252;1;1;1;1
27;1;NA;76;76;1253;1;1;1;1
27;1;NA;76;76;1256;1;1;1;1
27;1;NA;76;76;1257;1;1;1;1
27;1;NA;76;76;1259;1;1;1;1
27;1;NA;77;77;1261;0;1;1;0
27;1;NA;77;77;1263;0;1;1;0
27;1;NA;77;77;1264;1;1;1;0
27;1;NA;77;77;1266;1;1;1;0
27;1;NA;77;77;1267;1;1;1;0
27;1;NA;77;77;1268;1;1;1;0
27;1;NA;77;77;1270;1;1;1;0
27;1;NA;77;77;1271;1;1;1;0
27;1;NA;77;77;1272;1;1;1;0
27;1;NA;77;77;1274;1;1;1;0
27;1;NA;77;77;1278;1;1;1;0
27;1;NA;77;77;1280;1;1;1;0
27;1;NA;77;77;1281;1;1;1;0
27;1;NA;77;77;1283;0;1;1;0
27;1;NA;77;77;1285;0;1;1;0
27;1;NA;77;77;1286;0;1;1;0
27;1;NA;77;77;1289;1;1;1;0
27;1;NA;77;77;1290;0;1;1;0
27;1;NA;77;77;1291;0;1;1;0
25;NA;1;72;72;1292;0;0;0;1
28;1;NA;80;80;1322;1;1;1;0
28;1;NA;80;80;1324;1;1;1;0
28;1;NA;80;80;1325;1;1;1;0
28;1;NA;80;80;1328;0;1;1;0
28;1;NA;80;80;1330;1;1;1;0
28;1;NA;80;80;1333;1;1;1;0
28;1;NA;80;80;1336;1;1;1;0
28;1;NA;80;80;1337;1;1;1;0
28;1;NA;80;80;1338;1;1;1;0
28;1;NA;80;80;1340;1;1;1;0
28;1;NA;80;80;1342;1;1;1;0
28;1;NA;80;80;1343;1;1;1;0
29;1;NA;81;81;1346;1;1;1;1
29;1;NA;81;81;1347;1;1;1;1
29;1;NA;81;81;1348;1;1;1;1
29;1;NA;81;81;1349;1;1;1;1
29;1;NA;81;81;1350;1;1;1;1
29;1;NA;81;81;1351;1;1;1;1
29;1;NA;81;81;1352;1;1;1;1
29;1;NA;81;81;1353;1;1;1;1
29;1;NA;81;81;1354;1;1;1;1
29;1;NA;81;81;1355;1;1;1;1
29;1;NA;81;81;1356;1;1;1;1
29;1;NA;81;81;1357;1;1;1;1
29;1;NA;81;81;1358;1;1;1;1
29;1;NA;81;81;1359;1;1;1;1
29;1;NA;81;81;1360;1;1;1;1
29;1;NA;81;81;1361;1;1;1;1
29;1;NA;81;81;1362;1;1;1;1
29;1;NA;81;81;1363;1;1;1;1
29;1;NA;81;81;1364;1;1;1;1
29;1;NA;81;81;1365;1;1;1;1
29;1;NA;81;81;1366;1;1;1;1
29;1;NA;81;81;1367;1;1;1;1
29;1;NA;81;81;1368;1;1;1;1
29;1;NA;81;81;1369;1;1;1;1
29;1;NA;81;81;1370;1;1;1;1
29;1;NA;81;81;1371;1;1;1;1
29;1;NA;81;81;1372;1;1;1;1
29;1;NA;81;81;1373;1;1;1;1
28;1;NA;78;78;1374;1;1;1;1
28;1;NA;78;78;1375;1;1;1;1
28;1;NA;78;78;1376;1;1;1;1
28;1;NA;78;78;1377;0;1;1;1
28;1;NA;78;78;1378;1;1;1;1
28;1;NA;78;78;1379;1;1;1;1
28;1;NA;78;78;1380;1;1;1;1
28;1;NA;78;78;1381;1;1;1;1
28;1;NA;78;78;1382;1;1;1;1
28;1;NA;78;78;1383;1;1;1;1
28;1;NA;78;78;1385;1;1;1;1
28;1;NA;78;78;1386;1;1;1;1
28;1;NA;78;78;1389;1;1;1;1
28;1;NA;78;78;1390;1;1;1;1
28;1;NA;78;78;1391;1;1;1;1
28;1;NA;78;78;1392;1;1;1;1
28;1;NA;78;78;1393;1;1;1;1
28;1;NA;78;78;1394;1;1;1;1
28;1;NA;78;78;1396;1;1;1;1
28;1;NA;78;78;1397;1;1;1;1
30;1;NA;82;82;1400;1;1;1;1
30;1;NA;82;82;1402;1;1;1;0
30;1;NA;82;82;1403;1;1;1;0
30;1;NA;82;82;1405;0;1;1;1
30;1;NA;82;82;1406;1;1;1;1
30;1;NA;82;82;1407;1;1;1;1
30;1;NA;82;82;1409;1;1;1;1
30;1;NA;82;82;1411;1;0;0;1
30;1;NA;82;82;1413;1;1;1;1
30;1;NA;82;82;1416;1;1;1;1
30;1;NA;82;82;1417;0;1;1;1
30;1;NA;83;83;1421;1;1;1;1
30;1;NA;83;83;1422;1;1;1;1
30;1;NA;83;83;1424;1;1;1;1
30;1;NA;83;83;1425;1;1;1;1
30;1;NA;83;83;1426;1;1;1;1
30;1;NA;83;83;1427;1;1;1;1
30;1;NA;83;83;1428;1;1;1;1
30;1;NA;83;83;1429;1;1;1;1
30;1;NA;83;83;1430;1;1;1;1
30;1;NA;83;83;1431;1;1;1;1
30;1;NA;83;83;1432;1;1;1;1
30;1;NA;83;83;1433;1;1;1;1
30;1;NA;83;83;1434;1;1;1;1
30;1;NA;83;83;1435;1;1;1;1
30;1;NA;84;84;1436;0;1;0;0
30;1;NA;84;84;1439;1;1;1;0
30;1;NA;84;84;1440;1;1;1;0
30;1;NA;84;84;1443;1;1;1;0
30;1;NA;84;84;1445;1;1;1;0
30;1;NA;84;84;1446;1;1;1;0
30;1;NA;84;84;1447;1;1;1;0
30;1;NA;84;84;1448;0;1;1;0
30;1;NA;84;84;1451;1;1;1;0
28;1;NA;79;79;1452;1;1;1;1
28;1;NA;79;79;1454;1;1;1;1
28;1;NA;79;79;1455;0;1;1;1
28;1;NA;79;79;1456;0;1;1;1
28;1;NA;79;79;1457;0;1;1;1
28;1;NA;79;79;1458;0;1;1;1
28;1;NA;79;79;1459;1;1;1;1
28;1;NA;79;79;1460;1;1;1;1
28;1;NA;79;79;1461;1;1;1;1
28;1;NA;79;79;1463;1;1;1;1
28;1;NA;79;79;1464;0;1;1;1
28;1;NA;79;79;1465;1;1;1;1
28;1;NA;79;79;1466;1;1;1;1
28;1;NA;79;79;1467;1;1;1;1
28;1;NA;79;79;1468;1;1;1;1
28;1;NA;79;79;1469;1;1;1;1
28;1;NA;79;79;1470;1;1;1;1
28;1;NA;79;79;1471;0;1;1;1
28;1;NA;79;79;1472;1;1;1;1
28;1;NA;79;79;1473;1;1;1;1
28;1;NA;79;79;1474;1;1;1;1
28;1;NA;79;79;1476;0;1;1;1
28;1;NA;79;79;1477;0;1;1;1
28;1;NA;79;79;1479;1;1;1;1
28;1;NA;79;79;1480;1;1;1;1
32;1;NA;86;86;1548;1;1;1;1
32;1;NA;86;86;1549;1;1;1;0
32;1;NA;86;86;1550;1;1;1;1
32;1;NA;86;86;1551;1;1;1;1
32;1;NA;86;86;1552;1;1;1;1
32;1;NA;86;86;1553;1;1;1;1
32;1;NA;86;86;1554;1;0;0;0
32;1;NA;86;86;1555;1;1;1;1
32;1;NA;86;86;1556;1;1;1;1
32;1;NA;86;86;1558;1;1;1;1
32;1;NA;86;86;1559;0;1;0;1
32;1;NA;86;86;1560;1;1;1;1
32;1;NA;86;86;1561;0;1;1;1
32;1;NA;86;86;1562;1;1;1;1
32;1;NA;86;86;1563;1;1;1;0
32;1;NA;86;86;1564;1;1;1;1
31;NA;1;85;231;1584;1;1;1;1
31;NA;1;87;231;1631;1;1;1;1
31;NA;1;87;231;1642;1;1;1;1
31;NA;1;88;231;1658;1;1;1;1
31;NA;1;88;231;1660;1;1;1;1
31;NA;1;88;231;1662;1;1;0;1
31;NA;1;89;231;1680;1;1;0;0
31;NA;1;89;231;1692;1;1;1;1
31;NA;1;89;231;1700;1;1;1;1
31;NA;1;89;89;1701;1;0;0;0
31;NA;1;89;89;1705;1;0;0;0
31;NA;1;90;231;1709;1;1;1;1
31;NA;1;90;231;1711;1;1;1;0
31;NA;1;90;231;1712;1;1;1;0
31;NA;1;90;231;1727;1;1;1;0
31;NA;1;90;90;1731;1;1;1;0
31;NA;1;90;231;1733;1;1;1;0
31;NA;1;90;231;1739;1;1;1;0
31;NA;1;91;231;1745;1;1;1;1
31;NA;1;91;231;1751;0;1;1;1
31;NA;1;91;231;1768;1;1;1;0
31;NA;1;92;231;1789;1;1;1;1
31;NA;1;93;231;1806;1;1;1;1
31;NA;1;93;93;1820;1;1;1;0
31;NA;1;94;231;1833;1;1;1;1
31;NA;1;94;231;1839;1;1;1;1
31;NA;1;94;231;1855;1;1;1;1
31;NA;1;95;231;1862;1;1;1;1
31;NA;1;95;231;1867;1;1;1;1
31;NA;1;95;231;1881;1;1;1;1
31;NA;1;96;96;1890;1;1;0;0
31;NA;1;96;96;1891;1;1;0;1
31;NA;1;96;96;1896;1;0;0;0
31;NA;1;96;231;1900;1;1;1;1
31;NA;1;96;96;1901;1;1;0;0
31;NA;1;96;231;1904;1;1;1;0
31;NA;1;96;231;1909;1;1;1;1
31;NA;1;97;231;1916;0;1;1;1
31;NA;1;97;231;1922;1;1;1;1
31;NA;1;97;231;1927;1;1;1;1
31;NA;1;97;231;1928;1;1;1;1
31;NA;1;97;231;1932;1;1;1;1
31;NA;1;97;231;1939;1;1;1;1
31;NA;1;97;231;1940;1;1;1;1
31;NA;1;97;231;1942;0;1;1;0
31;NA;1;98;98;1963;1;1;0;0
31;NA;1;99;99;1982;1;0;0;0
31;NA;1;99;231;1994;1;1;1;1
31;NA;1;99;99;1995;1;0;0;0
31;NA;1;99;231;1996;0;1;1;1
31;NA;1;99;99;1999;1;0;0;0
31;NA;1;99;231;2001;1;1;1;1
33;1;NA;100;100;2003;1;1;1;1
33;1;NA;100;100;2004;1;1;1;1
33;1;NA;100;100;2006;1;1;1;1
33;1;NA;100;100;2007;0;0;0;1
33;1;NA;100;100;2008;1;1;1;1
33;1;NA;100;100;2009;1;1;1;1
33;1;NA;100;203;2010;1;1;1;0
33;1;NA;100;100;2011;1;1;1;1
33;1;NA;100;100;2012;1;1;1;1
33;1;NA;100;100;2013;1;1;1;1
33;1;NA;100;100;2015;1;1;0;1
33;1;NA;100;100;2016;1;1;1;1
33;1;NA;100;100;2017;1;1;1;1
33;1;NA;100;100;2018;1;1;1;1
33;1;NA;100;100;2019;0;0;0;1
33;1;NA;100;203;2020;1;1;0;0
33;1;NA;100;100;2021;0;0;1;1
33;1;NA;100;100;2022;0;1;1;1
33;1;NA;100;100;2023;1;1;1;1
33;1;NA;101;101;2025;1;1;1;1
33;1;NA;101;101;2026;1;1;1;1
33;1;NA;101;101;2031;1;1;1;1
33;1;NA;101;101;2032;1;1;1;0
33;1;NA;101;101;2034;1;1;0;0
33;1;NA;101;101;2035;1;1;1;1
33;1;NA;101;101;2036;1;1;1;1
33;1;NA;101;101;2037;1;1;1;1
33;1;NA;101;101;2038;1;1;1;1
33;1;NA;101;101;2039;1;1;1;1
33;1;NA;101;101;2040;1;1;1;1
33;1;NA;101;101;2041;1;1;1;1
33;1;NA;101;101;2043;1;1;1;1
33;1;NA;101;101;2044;1;1;1;1
33;1;NA;101;101;2045;1;1;1;1
33;1;NA;101;101;2048;1;1;1;1
33;1;NA;101;101;2051;1;1;1;1
33;1;NA;101;101;2052;1;1;1;1
33;1;NA;102;102;2056;1;1;1;0
33;1;NA;102;102;2057;1;1;1;0
33;1;NA;102;102;2058;1;1;1;0
33;1;NA;102;102;2059;1;1;1;0
33;1;NA;102;102;2061;1;1;1;0
33;1;NA;102;102;2062;1;1;1;0
33;1;NA;102;102;2064;1;0;0;0
33;1;NA;102;102;2065;1;1;1;0
33;1;NA;102;102;2066;1;1;1;0
33;1;NA;102;102;2067;1;1;0;0
33;1;NA;102;102;2069;1;0;0;0
33;1;NA;102;102;2071;1;1;1;0
33;1;NA;102;102;2075;1;0;0;0
34;1;NA;103;103;2076;1;1;1;1
34;1;NA;103;103;2077;1;1;1;1
34;1;NA;103;103;2078;1;1;1;1
34;1;NA;103;103;2079;1;1;1;1
34;1;NA;103;103;2080;1;1;1;1
34;1;NA;103;103;2081;1;1;1;1
34;1;NA;103;103;2082;0;1;1;1
34;1;NA;103;103;2083;1;1;1;1
34;1;NA;103;103;2084;1;1;1;1
34;1;NA;103;103;2085;1;1;1;1
34;1;NA;103;103;2086;1;1;1;1
34;1;NA;103;103;2087;1;1;1;1
34;1;NA;103;103;2088;1;1;1;1
34;1;NA;103;103;2089;1;1;1;1
34;1;NA;103;103;2091;1;1;1;1
34;1;NA;103;103;2092;1;1;1;1
34;1;NA;103;103;2093;1;1;1;1
35;NA;1;NA;208;2110;1;1;1;1
35;NA;1;105;209;2124;1;1;1;1
35;NA;1;105;209;2129;1;0;0;1
35;NA;1;NA;208;2141;1;1;1;1
35;NA;1;NA;208;2142;1;1;1;1
35;NA;1;NA;208;2159;1;1;1;1
35;NA;1;NA;208;2194;1;1;1;1
35;NA;1;109;NA;2205;1;0;1;0
35;NA;1;110;209;2220;0;1;1;1
35;NA;1;NA;209;2225;1;1;1;1
35;NA;1;110;209;2228;0;1;1;1
35;NA;1;110;208;2232;0;1;1;1
35;NA;1;110;209;2239;0;1;1;0
35;NA;1;110;209;2243;0;1;1;0
36;NA;1;112;112;2277;1;1;1;1
36;NA;1;112;112;2283;1;1;1;1
36;NA;1;112;112;2285;1;1;1;1
36;NA;1;112;112;2286;1;1;1;1
36;NA;1;112;112;2289;1;1;1;1
36;NA;1;112;112;2295;1;1;1;1
36;NA;1;112;112;2303;1;1;1;1
36;NA;1;113;113;2304;1;1;1;1
36;NA;1;113;113;2313;1;1;1;1
36;NA;1;113;113;2317;1;1;1;1
36;NA;1;114;114;2360;1;1;1;1
36;NA;1;114;114;2361;1;1;1;1
37;NA;1;115;116;2362;1;1;1;1
37;NA;1;115;115;2364;1;1;1;0
37;NA;1;115;116;2365;1;1;1;1
37;NA;1;115;115;2366;1;1;1;1
37;NA;1;115;116;2369;1;1;0;1
37;NA;1;115;116;2370;1;1;1;1
37;NA;1;115;116;2375;1;1;1;1
37;NA;1;115;115;2377;1;0;0;0
37;NA;1;115;116;2378;1;1;1;1
37;NA;1;115;115;2384;1;1;1;1
37;NA;1;115;115;2387;1;1;0;0
37;NA;1;116;123;2392;1;1;1;1
37;NA;1;116;123;2398;1;1;1;1
37;NA;1;116;206;2399;1;1;1;0
37;NA;1;116;206;2400;1;1;1;0
37;NA;1;116;206;2401;1;1;1;0
37;NA;1;116;115;2405;1;1;1;1
37;NA;1;116;119;2406;1;1;1;1
37;NA;1;116;119;2411;1;1;0;0
37;NA;1;116;123;2412;1;1;1;0
37;NA;1;116;116;2414;1;1;1;1
37;NA;1;116;123;2415;1;1;1;0
37;NA;1;117;118;2419;1;1;1;1
37;NA;1;117;117;2423;1;1;1;0
37;NA;1;117;118;2430;1;1;1;1
37;NA;1;117;118;2432;1;1;1;0
37;NA;1;117;118;2433;1;1;1;1
37;NA;1;118;120;2454;1;0;1;1
37;NA;1;118;120;2455;1;1;1;0
37;NA;1;118;120;2471;1;1;1;1
37;NA;1;119;119;2477;1;1;1;1
37;NA;1;119;117;2482;0;1;1;0
37;NA;1;119;115;2490;1;1;1;1
37;NA;1;119;120;2498;1;1;1;1
37;NA;1;119;119;2499;1;1;1;1
37;NA;1;119;115;2503;1;0;0;0
37;NA;1;120;116;2504;1;1;1;0
37;NA;1;120;119;2505;1;1;1;0
37;NA;1;120;118;2506;1;1;1;1
37;NA;1;120;119;2509;1;1;1;0
37;NA;1;120;120;2510;1;1;1;0
37;NA;1;120;116;2511;1;1;1;0
37;NA;1;120;120;2516;1;1;1;0
37;NA;1;120;119;2519;1;1;1;1
37;NA;1;120;119;2521;1;1;1;1
37;NA;1;120;120;2523;1;1;1;1
37;NA;1;120;115;2524;1;1;1;0
37;NA;1;120;119;2525;1;1;1;0
37;NA;1;120;119;2527;1;1;1;1
37;NA;1;120;115;2528;1;1;1;0
37;NA;1;123;206;2531;1;1;1;1
37;NA;1;123;123;2533;1;1;1;0
37;NA;1;123;123;2534;1;1;1;1
37;NA;1;123;123;2535;1;1;1;0
37;NA;1;123;206;2536;1;1;1;0
37;NA;1;123;123;2539;1;1;1;1
37;NA;1;123;206;2541;1;1;1;0
37;NA;1;123;123;2542;1;1;1;1
37;NA;1;123;123;2543;1;1;1;1
37;NA;1;123;123;2544;1;1;1;1
37;NA;1;123;206;2549;1;1;1;1
37;NA;1;123;206;2551;1;1;1;0
37;NA;1;123;123;2554;1;1;1;0
37;NA;1;123;206;2557;1;1;1;0
37;NA;1;123;123;2558;1;1;1;0
37;NA;1;122;122;2559;1;1;1;1
37;NA;1;122;122;2560;1;1;1;1
37;NA;1;122;122;2562;1;1;1;1
37;NA;1;122;122;2564;1;1;1;0
37;NA;1;122;122;2566;1;1;1;1
37;NA;1;122;122;2567;1;1;1;1
37;NA;1;122;122;2568;1;1;1;1
37;NA;1;122;122;2569;1;1;1;1
37;NA;1;122;122;2571;1;1;0;1
37;NA;1;122;122;2573;1;1;1;1
37;NA;1;122;122;2574;1;1;1;1
37;NA;1;121;121;2577;1;1;1;1
37;NA;1;121;121;2578;1;1;1;1
37;NA;1;121;121;2579;1;1;1;1
37;NA;1;121;121;2580;1;1;1;1
37;NA;1;121;121;2581;1;1;1;0
37;NA;1;121;115;2583;1;0;0;0
37;NA;1;121;121;2585;1;1;0;0
37;NA;1;121;121;2587;1;1;1;1
37;NA;1;121;121;2588;1;1;1;1
37;NA;1;121;121;2589;1;1;1;1
37;NA;1;121;121;2590;1;0;0;0
37;NA;1;121;121;2592;1;1;1;0
37;NA;1;121;121;2594;1;1;1;1
35;NA;1;NA;208;2595;1;1;1;1
37;NA;1;123;123;2596;1;1;1;0
37;NA;1;121;121;2597;1;1;1;1
38;1;NA;124;124;2599;1;1;1;1
38;1;NA;124;124;2600;1;1;1;1
38;1;NA;124;124;2601;1;1;1;1
38;1;NA;124;124;2603;1;1;1;1
38;1;NA;124;124;2604;1;1;1;1
38;1;NA;124;124;2606;1;1;1;1
38;1;NA;124;124;2607;1;1;1;1
38;1;NA;124;124;2610;1;1;1;1
38;1;NA;124;124;2613;1;1;1;1
38;1;NA;124;124;2614;0;1;1;0
38;1;NA;124;124;2617;1;1;1;1
38;1;NA;124;124;2618;1;1;1;1
38;1;NA;124;124;2620;1;1;1;1
38;1;NA;124;124;2621;1;1;1;1
38;1;NA;124;124;2623;1;1;1;1
38;1;NA;124;124;2624;1;1;1;1
39;1;NA;125;125;2627;0;0;0;1
39;1;NA;125;125;2628;0;0;0;1
39;1;NA;125;125;2631;0;0;0;1
39;1;NA;125;125;2632;1;1;1;1
39;1;NA;125;125;2633;1;1;1;1
39;1;NA;125;125;2635;1;1;1;1
39;1;NA;125;125;2638;1;1;1;1
39;1;NA;125;125;2639;1;1;1;1
39;1;NA;125;125;2640;0;1;1;1
39;1;NA;125;125;2641;1;1;1;1
39;1;NA;125;125;2642;1;1;1;1
39;1;NA;125;125;2643;1;1;1;1
39;1;NA;125;125;2644;1;1;1;1
39;1;NA;125;125;2645;0;1;1;1
39;1;NA;125;125;2646;1;1;1;1
39;1;NA;125;125;2647;0;1;1;1
39;1;NA;125;125;2649;0;1;1;1
39;1;NA;126;126;2650;1;1;1;1
39;1;NA;126;127;2652;0;1;1;1
39;1;NA;126;126;2653;1;1;1;1
39;1;NA;126;126;2654;1;1;1;1
39;1;NA;126;126;2656;1;1;1;1
39;1;NA;126;126;2657;1;1;1;1
39;1;NA;126;127;2658;1;1;1;1
39;1;NA;126;126;2659;0;1;1;1
39;1;NA;126;205;2662;1;1;1;0
39;1;NA;126;126;2663;1;1;1;1
39;1;NA;126;126;2664;0;0;0;1
39;1;NA;127;127;2665;1;1;1;1
39;1;NA;127;127;2667;1;1;1;1
39;1;NA;127;127;2668;0;1;1;1
39;1;NA;127;126;2669;1;1;1;1
39;1;NA;127;126;2670;1;1;1;1
39;1;NA;127;126;2671;1;1;1;1
39;1;NA;127;205;2672;1;1;1;0
39;1;NA;127;127;2673;0;1;1;1
39;1;NA;127;127;2675;0;0;0;1
39;1;NA;127;127;2677;1;1;1;1
39;1;NA;127;126;2678;1;1;1;1
39;1;NA;127;127;2679;1;1;1;1
39;1;NA;127;126;2680;1;1;1;1
39;1;NA;127;127;2681;1;1;1;1
39;1;NA;128;128;2682;1;1;1;0
39;1;NA;128;128;2683;1;1;1;0
39;1;NA;128;128;2687;1;1;1;0
39;1;NA;128;128;2688;1;1;1;0
39;1;NA;128;128;2691;1;1;1;0
39;1;NA;128;128;2692;1;1;1;0
39;1;NA;129;129;2696;1;1;1;0
39;1;NA;129;129;2697;1;1;1;0
39;1;NA;129;129;2698;1;1;1;0
39;1;NA;129;129;2701;1;0;0;0
39;1;NA;129;129;2702;1;1;1;0
39;1;NA;129;129;2704;1;1;1;0
39;1;NA;129;129;2708;1;1;1;0
39;1;NA;129;129;2709;1;1;1;0
39;1;NA;129;129;2710;1;1;1;0
42;NA;1;130;130;2711;1;1;1;1
42;NA;1;130;130;2712;1;1;1;0
42;NA;1;130;130;2713;1;1;1;1
42;NA;1;130;130;2714;1;1;1;0
42;NA;1;130;130;2715;1;1;1;1
42;NA;1;130;130;2716;1;1;1;0
42;NA;1;130;130;2717;1;1;1;0
42;NA;1;130;130;2718;1;1;1;0
42;NA;1;130;130;2719;1;1;1;1
42;NA;1;130;130;2720;1;1;1;0
42;NA;1;130;130;2722;1;1;1;1
42;NA;1;130;130;2725;1;1;1;0
42;NA;1;130;130;2726;1;1;1;0
42;NA;1;130;130;2727;1;1;1;0
42;NA;1;130;130;2728;1;1;1;0
42;NA;1;130;130;2729;1;1;1;0
42;NA;1;130;130;2730;1;1;1;1
42;NA;1;130;130;2731;1;1;1;1
42;NA;1;130;130;2732;1;1;1;1
42;NA;1;130;130;2734;1;1;1;1
42;NA;1;130;130;2735;1;1;1;1
42;NA;1;132;132;2739;1;1;1;0
42;NA;1;132;136;2740;1;1;1;0
42;NA;1;132;132;2741;1;1;1;0
42;NA;1;132;132;2742;1;1;1;0
42;NA;1;132;138;2743;1;0;1;1
42;NA;1;132;132;2746;1;1;1;0
42;NA;1;132;132;2748;1;1;1;1
42;NA;1;132;132;2749;1;1;1;0
42;NA;1;132;132;2752;1;1;1;0
42;NA;1;132;136;2753;1;1;1;0
42;NA;1;132;132;2755;1;0;1;0
42;NA;1;132;132;2756;1;1;1;0
42;NA;1;136;132;2758;1;1;0;0
42;NA;1;136;132;2759;1;1;1;0
42;NA;1;136;139;2760;1;0;1;0
42;NA;1;136;140;2761;1;1;0;0
42;NA;1;136;140;2762;1;1;1;1
42;NA;1;136;132;2764;1;1;1;0
42;NA;1;136;140;2765;1;1;1;1
42;NA;1;136;139;2767;1;1;0;1
42;NA;1;136;140;2768;1;1;1;1
42;NA;1;136;139;2771;1;1;1;1
42;NA;1;136;140;2773;1;1;0;0
42;NA;1;136;139;2774;1;1;1;1
42;NA;1;136;139;2776;1;0;1;1
42;NA;1;136;132;2777;1;1;1;0
42;NA;1;136;132;2778;1;1;1;1
42;NA;1;136;140;2779;1;1;0;0
42;NA;1;136;140;2780;1;1;1;0
42;NA;1;136;139;2782;1;1;1;1
42;NA;1;136;140;2783;1;1;0;0
42;NA;1;137;140;2787;1;1;1;0
42;NA;1;137;140;2790;1;1;1;0
42;NA;1;137;140;2792;1;1;1;1
42;NA;1;137;140;2794;1;1;0;0
42;NA;1;137;136;2796;1;1;1;0
42;NA;1;137;136;2797;1;1;1;0
42;NA;1;137;138;2799;1;1;1;1
42;NA;1;137;136;2800;1;1;1;0
42;NA;1;137;140;2801;1;1;1;1
42;NA;1;137;136;2803;1;1;1;0
42;NA;1;137;136;2805;1;1;1;0
42;NA;1;137;140;2806;1;1;1;0
42;NA;1;137;140;2807;1;1;1;0
42;NA;1;137;140;2809;1;1;1;0
42;NA;1;137;136;2810;1;1;1;0
42;NA;1;138;138;2811;1;1;1;1
42;NA;1;138;138;2812;1;1;1;1
42;NA;1;138;138;2813;1;1;1;0
42;NA;1;138;138;2814;1;1;1;1
42;NA;1;138;138;2816;1;1;1;1
42;NA;1;138;138;2818;1;1;1;0
42;NA;1;138;138;2819;1;1;1;1
42;NA;1;138;138;2820;1;1;1;1
42;NA;1;138;138;2822;1;1;1;1
42;NA;1;138;138;2823;1;1;1;1
42;NA;1;138;138;2824;1;1;1;1
42;NA;1;138;138;2825;1;1;1;0
42;NA;1;138;138;2827;1;1;1;1
42;NA;1;138;138;2828;1;1;1;0
42;NA;1;138;138;2829;1;1;1;1
42;NA;1;138;138;2830;1;1;1;0
42;NA;1;138;138;2831;1;1;1;0
42;NA;1;138;138;2832;1;1;1;1
42;NA;1;138;138;2833;1;1;1;1
42;NA;1;138;140;2834;1;1;1;0
42;NA;1;139;137;2835;1;1;1;1
42;NA;1;139;139;2838;1;1;1;1
42;NA;1;139;139;2839;1;1;1;1
42;NA;1;139;137;2840;1;1;0;0
42;NA;1;139;139;2841;1;1;1;1
42;NA;1;139;139;2843;1;1;1;1
42;NA;1;139;137;2844;1;1;1;0
42;NA;1;139;139;2845;1;1;1;0
42;NA;1;139;137;2848;1;1;1;0
42;NA;1;139;139;2849;1;1;1;1
42;NA;1;139;137;2850;1;1;1;0
42;NA;1;139;137;2852;1;1;1;1
42;NA;1;139;139;2853;1;1;1;1
42;NA;1;139;139;2857;0;1;1;0
42;NA;1;139;139;2858;1;1;1;1
42;NA;1;139;137;2859;1;1;1;0
42;NA;1;139;139;2862;1;1;0;0
42;NA;1;139;139;2863;1;1;1;1
42;NA;1;139;137;2864;1;0;0;0
42;NA;1;140;136;2867;1;1;1;0
42;NA;1;140;132;2868;1;1;1;1
42;NA;1;140;136;2869;1;1;1;0
42;NA;1;140;132;2873;1;1;1;0
42;NA;1;140;136;2874;1;1;1;0
42;NA;1;140;132;2879;1;1;1;0
42;NA;1;140;136;2880;1;1;1;0
42;NA;1;140;136;2881;1;1;1;0
42;NA;1;140;137;2882;1;1;1;0
42;NA;1;140;136;2885;1;1;1;0
40;1;NA;131;131;2886;1;1;1;1
40;1;NA;131;131;2887;1;1;1;1
40;1;NA;131;131;2888;1;1;1;1
40;1;NA;131;131;2889;1;1;1;1
40;1;NA;131;131;2890;1;1;1;1
40;1;NA;131;131;2891;1;1;1;1
40;1;NA;131;131;2892;1;1;1;1
40;1;NA;131;131;2893;1;1;1;1
40;1;NA;131;131;2894;1;1;1;1
40;1;NA;131;131;2895;1;1;1;1
40;1;NA;134;134;2896;1;1;1;1
40;1;NA;134;134;2897;1;1;1;1
40;1;NA;134;134;2898;1;1;1;1
40;1;NA;134;134;2899;1;1;1;1
40;1;NA;133;133;2900;1;1;1;1
40;1;NA;133;133;2901;1;1;1;1
40;1;NA;133;133;2902;1;1;1;1
40;1;NA;133;133;2903;1;1;1;1
40;1;NA;133;133;2904;1;1;1;1
40;1;NA;133;133;2905;1;1;1;0
40;1;NA;133;133;2906;1;1;1;0
40;1;NA;133;133;2908;1;1;1;1
40;1;NA;133;133;2909;1;1;1;1
40;1;NA;133;133;2910;1;1;1;1
40;1;NA;133;133;2911;1;1;1;1
40;1;NA;133;133;2912;1;1;1;1
40;1;NA;133;133;2914;1;0;0;0
40;1;NA;133;133;2915;1;1;1;1
40;1;NA;133;133;2916;1;1;1;1
40;1;NA;135;135;2917;1;1;1;1
40;1;NA;135;135;2918;1;1;1;1
40;1;NA;135;135;2919;1;1;1;1
40;1;NA;135;135;2920;1;1;1;1
40;1;NA;135;135;2921;1;1;1;1
40;1;NA;135;135;2922;1;1;1;1
40;1;NA;135;135;2923;1;1;1;1
40;1;NA;135;135;2924;1;1;1;1
40;1;NA;135;135;2925;1;1;0;1
40;1;NA;135;135;2926;1;1;1;1
40;1;NA;135;135;2927;1;1;1;1
40;1;NA;135;135;2928;1;1;1;1
40;1;NA;135;135;2929;1;1;1;1
40;1;NA;135;135;2930;1;1;1;1
40;1;NA;135;135;2931;1;1;1;1
40;1;NA;135;135;2932;1;1;0;1
40;1;NA;135;135;2933;1;1;1;1
43;1;NA;141;141;2936;1;1;1;1
43;1;NA;141;141;2937;1;1;1;1
43;1;NA;141;141;2938;1;1;1;1
43;1;NA;141;141;2939;1;1;1;1
43;1;NA;141;141;2940;1;1;1;1
43;1;NA;141;141;2942;1;1;1;1
43;1;NA;141;141;2943;1;1;1;1
43;1;NA;141;141;2944;1;1;1;1
43;1;NA;141;141;2946;1;1;1;0
43;1;NA;141;141;2950;1;1;1;1
43;1;NA;141;141;2956;1;1;1;1
43;1;NA;141;141;2958;1;1;1;1
43;1;NA;141;141;2959;1;1;1;1
41;1;NA;142;NA;2960;1;1;1;0
41;1;NA;142;NA;2972;0;0;1;0
41;1;NA;142;NA;2976;1;1;1;0
41;1;NA;142;NA;2979;0;0;1;0
41;1;NA;144;NA;2981;1;1;1;0
41;1;NA;143;NA;2982;1;1;1;0
41;1;NA;145;NA;2983;1;1;1;0
41;1;NA;145;NA;2984;1;1;1;0
40;1;NA;131;131;2999;0;1;1;1
40;1;NA;135;135;3000;0;1;1;1
40;1;NA;133;133;3001;0;1;1;1
40;1;NA;133;133;3002;0;1;1;1
40;1;NA;133;133;3003;0;1;1;1
40;1;NA;133;133;3004;0;1;0;1
40;1;NA;133;133;3005;0;1;1;0
40;1;NA;134;134;3006;0;1;1;1
40;1;NA;134;134;3007;0;1;1;1
40;1;NA;134;134;3008;0;1;1;1
40;1;NA;134;134;3009;0;1;1;1
40;1;NA;134;134;3010;0;1;1;1
35;NA;1;147;209;3014;0;1;1;1
35;NA;1;148;209;3033;0;1;1;1
35;NA;1;148;209;3035;0;1;1;1
35;NA;1;148;209;3036;0;1;1;1
35;NA;1;148;209;3037;0;1;1;0
35;NA;1;148;209;3038;0;1;1;1
35;NA;1;149;209;3047;0;1;1;1
41;1;NA;144;NA;3052;0;1;1;0
41;1;NA;144;NA;3053;0;1;1;0
41;1;NA;144;NA;3054;0;1;1;0
41;1;NA;143;NA;3055;0;0;1;0
41;1;NA;145;NA;3056;0;0;1;0
41;1;NA;142;NA;3057;0;0;1;0
33;1;NA;100;100;3058;0;0;1;1
29;1;NA;NA;81;4103;0;0;0;1
28;1;NA;NA;78;4104;0;0;0;1
28;1;NA;NA;78;4105;0;0;0;1
26;1;NA;NA;74;4106;0;0;0;1
26;1;NA;NA;74;4107;0;0;0;1
26;1;NA;NA;74;4108;0;0;0;1
22;NA;1;NA;55;4119;0;0;0;1
22;NA;1;NA;55;4121;0;0;0;1
43;1;NA;NA;141;4152;0;0;0;1
42;NA;1;NA;140;4155;0;0;0;1
42;NA;1;NA;132;4163;0;0;0;1
33;1;NA;NA;100;4166;0;0;0;1
33;1;NA;NA;100;4167;0;0;0;1
33;1;NA;NA;100;4168;0;0;0;1
37;NA;1;NA;122;4190;0;0;0;1
32;1;NA;NA;86;4614;0;0;0;1
34;1;NA;NA;103;4616;0;0;0;1
30;1;NA;NA;82;4618;0;0;0;1
40;1;NA;135;135;4621;0;0;0;1
40;1;NA;135;135;4622;0;0;0;1
40;1;NA;131;131;4625;0;0;0;1
40;1;NA;131;131;4626;0;0;0;1
40;1;NA;131;131;4627;0;0;0;1
40;1;NA;131;131;4628;0;0;0;1
40;1;NA;131;131;4629;0;0;0;1
40;1;NA;131;131;4630;0;0;0;1
40;1;NA;131;131;4631;0;0;0;1
26;1;NA;NA;74;4633;0;0;0;1
